input1,input2,output1
"a","5",[]
"!","!",[0]
"r","nm,xcnwqnd@#$fwkdjn3",[]
"hi","hihihihihihihihihihi",[]
"############","#",[0 1 2 3 4 5 6 7 8 9 10 11]
"GGGGGGGGGGGGGGGGGGGG","G",[0 1 2 3 4 5 6 7 8 9 10 11 12 13 14 15 16 17 18 19]
"$$$$$$$$$$$$$$$$$$$$","$$",[0 1 2 3 4 5 6 7 8 9 10 11 12 13 14 15 16 17 18]
"33333333333333333333","333",[0 1 2 3 4 5 6 7 8 9 10 11 12 13 14 15 16 17]
"hahahahahahahahahaha","haha",[0 2 4 6 8 10 12 14 16]
"GCTGCTGCTGCTGCTGCTGC","GCTGC",[0 3 6 9 12 15]
"bbbbbbb(bb#bbbbbbbb","bbb",[0 1 2 3 4 11 12 13 14 15 16]
"fa la la la la, la ","la",[3 6 9 12 16]
"start and and with s","s",[0 19]
"tomato","tom",[0]
"tomatotomatotomato","tom",[0 6 12]
"tomatotomatotomato","to",[0 4 6 10 12 16]
"will be zero","this will be zero",[]
"APPEAR twice APPEAR","APPEAR",[0 13]
"a few ending <3<3<3","<3",[13 15 17]
"middle of this one","of",[7]
